{"class_name": "Sequential", "config": {"name": "sequential_1", "layers": [{"class_name": "Dense", "config": {"name": "dense_1", "trainable": true, "batch_input_shape": [null, 6], "dtype": "float32", "units": 21, "activation": "relu", "use_bias": true, "kernel_initializer": {"class_name": "RandomUniform", "config": {"minval": -0.05, "maxval": 0.05, "seed": null}}, "bias_initializer": {"class_name": "Zeros", "config": {}}, "kernel_regularizer": null, "bias_regularizer": null, "activity_regularizer": null, "kernel_constraint": null, "bias_constraint": null}}, {"class_name": "Dense", "config": {"name": "dense_2", "trainable": true, "units": 21, "activation": "relu", "use_bias": true, "kernel_initializer": {"class_name": "RandomUniform", "config": {"minval": -0.05, "maxval": 0.05, "seed": null}}, "bias_initializer": {"class_name": "Zeros", "config": {}}, "kernel_regularizer": null, "bias_regularizer": null, "activity_regularizer": null, "kernel_constraint": null, "bias_constraint": null}}, {"class_name": "Dense", "config": {"name": "dense_3", "trainable": true, "units": 3, "activation": "linear", "use_bias": true, "kernel_initializer": {"class_name": "RandomUniform", "config": {"minval": -0.05, "maxval": 0.05, "seed": null}}, "bias_initializer": {"class_name": "Zeros", "config": {}}, "kernel_regularizer": null, "bias_regularizer": null, "activity_regularizer": null, "kernel_constraint": null, "bias_constraint": null}}, {"class_name": "Lambda", "config": {"name": "lambda_1", "trainable": true, "function": ["4wEAAAAAAAAAAQAAAAMAAABTAAAAcw4AAAB0AKABfAChAWQBGABTACkCTukBAAAAKQLaAUvaA2V4\ncCkB2gJ4X6kAcgUAAAD6Ey4uL2Nzdl9yZWdyZXNzb3IucHnaCDxsYW1iZGE+VQAAAPMAAAAA\n", null, null], "function_type": "lambda", "output_shape": null, "output_shape_type": "raw", "arguments": {}}}]}, "keras_version": "2.2.4", "backend": "tensorflow"}